{"id":111,"name":"70s Pop Ghost Bonus Pack 👻","description":"Last of the 70s Pops, gone but not quite dead 👻 nothing but black & white groovy patterns, perfect for colouring in. Some people say the spirits of the 70s haunt these, but that would be ridiculous! All Ξ from primary sales will be going to the Women Who Code non-profit organisation.","artistName":"Daniel Catt","curation":"factory","invocations":"64","aspectRatio":"1","dynamic":true,"license":"NIFTY","rarity":{"Tiles:7":0.203125,"Lines:11":0.140625,"Boosted:0":0.671875,"Format:Bottom-up":0.203125,"Paranormal Activity:None":0.59375,"Underlying Dread:Low":0.65625,"Haunted:True":1,"Tiles:8":0.15625,"Boosted:2":0.140625,"Format:Normal":0.421875,"Tiles:9":0.15625,"Lines:7":0.0625,"Format:Outer":0.140625,"Underlying Dread:High":0.09375,"Lines:12":0.15625,"Paranormal Activity:Latent":0.25,"Tiles:5":0.109375,"Lines:13":0.046875,"Format:Middle":0.140625,"Tiles:4":0.015625,"Lines:9":0.125,"Boosted:-2":0.078125,"Tiles:13":0.015625,"Lines:4":0.03125,"Boosted:-1":0.0625,"Paranormal Activity:Intense":0.03125,"Underlying Dread:Very High":0.046875,"Tiles:6":0.125,"Tiles:10":0.140625,"Lines:5":0.125,"Lines:6":0.078125,"Boosted:1":0.046875,"Tiles:11":0.0625,"Underlying Dread:Medium":0.203125,"Format:Top-down":0.09375,"Lines:10":0.140625,"Paranormal Activity:Unnerving":0.125,"Lines:8":0.078125,"Lines:14":0.015625,"Tiles:12":0.015625},"traits":{"0":{"Tiles:7":["111000000","111000003","111000006","111000013","111000017","111000025","111000034","111000035","111000045","111000050","111000051","111000057","111000063"],"Tiles:8":["111000001","111000016","111000018","111000029","111000040","111000044","111000049","111000058","111000061","111000062"],"Tiles:9":["111000002","111000011","111000015","111000020","111000023","111000028","111000036","111000053","111000054","111000055"],"Tiles:5":["111000004","111000007","111000012","111000031","111000048","111000052","111000060"],"Tiles:4":["111000005"],"Tiles:13":["111000008"],"Tiles:6":["111000009","111000021","111000026","111000027","111000030","111000033","111000041","111000056"],"Tiles:10":["111000010","111000022","111000032","111000037","111000038","111000039","111000042","111000046","111000047"],"Tiles:11":["111000014","111000019","111000024","111000059"],"Tiles:12":["111000043"]},"1":{"Lines:11":["111000000","111000001","111000009","111000013","111000016","111000026","111000041","111000056","111000062"],"Lines:7":["111000002","111000015","111000023","111000055"],"Lines:12":["111000003","111000005","111000007","111000012","111000017","111000030","111000051","111000052","111000057","111000060"],"Lines:13":["111000004","111000021","111000048"],"Lines:9":["111000006","111000025","111000027","111000029","111000034","111000044","111000045","111000054"],"Lines:4":["111000008","111000059"],"Lines:5":["111000010","111000014","111000022","111000024","111000032","111000037","111000039","111000043"],"Lines:6":["111000011","111000019","111000042","111000047","111000053"],"Lines:10":["111000018","111000028","111000033","111000035","111000040","111000050","111000058","111000061","111000063"],"Lines:8":["111000020","111000036","111000038","111000046","111000049"],"Lines:14":["111000031"]},"2":{"Boosted:0":["111000000","111000003","111000004","111000005","111000007","111000010","111000015","111000017","111000018","111000019","111000021","111000022","111000023","111000024","111000025","111000026","111000028","111000029","111000030","111000031","111000032","111000033","111000034","111000036","111000037","111000039","111000041","111000042","111000043","111000044","111000046","111000047","111000048","111000050","111000051","111000052","111000055","111000056","111000057","111000059","111000061","111000062","111000063"],"Boosted:2":["111000001","111000002","111000009","111000016","111000020","111000040","111000045","111000054","111000058"],"Boosted:-2":["111000006","111000011","111000013","111000027","111000049"],"Boosted:-1":["111000008","111000014","111000053","111000060"],"Boosted:1":["111000012","111000035","111000038"]},"3":{"Format:Bottom-up":["111000000","111000010","111000016","111000017","111000029","111000030","111000042","111000043","111000051","111000053","111000055","111000060","111000063"],"Format:Normal":["111000001","111000003","111000005","111000007","111000009","111000011","111000012","111000013","111000014","111000023","111000024","111000025","111000027","111000031","111000034","111000035","111000036","111000038","111000040","111000041","111000045","111000046","111000047","111000052","111000056","111000059","111000062"],"Format:Outer":["111000002","111000019","111000022","111000026","111000033","111000037","111000044","111000050","111000058"],"Format:Middle":["111000004","111000006","111000008","111000021","111000028","111000032","111000039","111000048","111000054"],"Format:Top-down":["111000015","111000018","111000020","111000049","111000057","111000061"]},"4":{"Paranormal Activity:None":["111000000","111000001","111000002","111000004","111000006","111000007","111000009","111000010","111000013","111000014","111000015","111000016","111000017","111000021","111000022","111000023","111000024","111000025","111000026","111000027","111000029","111000030","111000032","111000034","111000037","111000038","111000039","111000041","111000043","111000044","111000045","111000048","111000050","111000051","111000054","111000055","111000056","111000062"],"Paranormal Activity:Latent":["111000003","111000005","111000011","111000012","111000018","111000031","111000033","111000035","111000036","111000040","111000047","111000049","111000052","111000058","111000060","111000061"],"Paranormal Activity:Intense":["111000008","111000020"],"Paranormal Activity:Unnerving":["111000019","111000028","111000042","111000046","111000053","111000057","111000059","111000063"]},"5":{"Underlying Dread:Low":["111000000","111000001","111000003","111000004","111000005","111000006","111000007","111000009","111000011","111000012","111000013","111000017","111000019","111000020","111000021","111000023","111000025","111000026","111000027","111000028","111000030","111000031","111000033","111000034","111000035","111000036","111000038","111000040","111000041","111000045","111000046","111000047","111000048","111000050","111000051","111000052","111000056","111000057","111000059","111000060","111000062","111000063"],"Underlying Dread:High":["111000002","111000010","111000015","111000032","111000037","111000039"],"Underlying Dread:Very High":["111000008","111000022","111000043"],"Underlying Dread:Medium":["111000014","111000016","111000018","111000024","111000029","111000042","111000044","111000049","111000053","111000054","111000055","111000058","111000061"]},"6":{"Haunted:True":["111000000","111000001","111000002","111000003","111000004","111000005","111000006","111000007","111000008","111000009","111000010","111000011","111000012","111000013","111000014","111000015","111000016","111000017","111000018","111000019","111000020","111000021","111000022","111000023","111000024","111000025","111000026","111000027","111000028","111000029","111000030","111000031","111000032","111000033","111000034","111000035","111000036","111000037","111000038","111000039","111000040","111000041","111000042","111000043","111000044","111000045","111000046","111000047","111000048","111000049","111000050","111000051","111000052","111000053","111000054","111000055","111000056","111000057","111000058","111000059","111000060","111000061","111000062","111000063"]}},