{"id":14,"name":"Cyber Cities","description":"Futuristic space vibes.","artistName":"pxlq","curation":"playground","invocations":"256","aspectRatio":"1","dynamic":true,"license":"NFT License","rarity":{"Palette:Neopunk":0.125,"Components:250-499":0.17578125,"State:Static":0.48046875,"Ships:0":0.48046875,"Color Repeat:5":0.06640625,"Palette:Essence":0.125,"Components:0-99":0.421875,"State:Dynamic":0.51953125,"Ships:1-10":0.2265625,"Color Repeat:3":0.2421875,"Palette:Viper":0.15234375,"Components:100-249":0.36328125,"Color Repeat:50":0.08203125,"Palette:Sentinel":0.16796875,"Color Repeat:15":0.0703125,"Components:500-699":0.02734375,"Color Repeat:4":0.0625,"Color Repeat:20":0.0625,"Palette:Azure":0.109375,"Ships:10-24":0.1484375,"Ships:25-49":0.05859375,"Color Repeat:2":0.0625,"Color Repeat:7":0.046875,"Color Repeat:30":0.04296875,"Ships:50+":0.0859375,"Palette:Eternity":0.16015625,"Color Repeat:9":0.03125,"Color Repeat:100":0.0703125,"Palette:Voyage":0.1328125,"Color Repeat:6":0.08203125,"Color Repeat:10":0.0234375,"Color Repeat:8":0.0546875,"Components:700+":0.01171875,"Palette:Cyber":0.02734375},"traits":{"0":{"Palette:Neopunk":["14000000","14000007","14000023","14000024","14000033","14000041","14000056","14000058","14000059","14000074","14000088","14000091","14000112","14000124","14000131","14000144","14000146","14000147","14000149","14000167","14000169","14000174","14000196","14000201","14000208","14000213","14000218","14000219","14000223","14000239","14000246","14000250"],"Palette:Essence":["14000001","14000004","14000005","14000050","14000064","14000069","14000071","14000090","14000098","14000116","14000122","14000125","14000127","14000137","14000140","14000143","14000145","14000153","14000154","14000155","14000173","14000175","14000178","14000194","14000197","14000198","14000200","14000202","14000222","14000227","14000232","14000254"],"Palette:Viper":["14000002","14000008","14000009","14000010","14000014","14000026","14000035","14000038","14000042","14000054","14000062","14000070","14000072","14000079","14000081","14000083","14000084","14000087","14000092","14000094","14000120","14000123","14000128","14000132","14000135","14000157","14000162","14000164","14000179","14000184","14000188","14000189","14000192","14000195","14000212","14000228","14000238","14000244","14000253"],"Palette:Sentinel":["14000003","14000013","14000015","14000021","14000025","14000037","14000039","14000043","14000046","14000047","14000057","14000061","14000063","14000066","14000067","14000073","14000075","14000080","14000095","14000096","14000100","14000106","14000108","14000111","14000113","14000117","14000150","14000159","14000168","14000171","14000180","14000183","14000185","14000193","14000207","14000210","14000211","14000220","14000224","14000230","14000240","14000245","14000249"],"Palette:Azure":["14000006","14000011","14000012","14000016","14000017","14000018","14000019","14000029","14000030","14000040","14000049","14000077","14000086","14000093","14000104","14000105","14000107","14000129","14000130","14000134","14000139","14000148","14000170","14000181","14000186","14000204","14000209","14000216"],"Palette:Eternity":["14000020","14000022","14000027","14000031","14000034","14000045","14000048","14000051","14000055","14000060","14000068","14000076","14000082","14000089","14000097","14000101","14000103","14000109","14000110","14000118","14000119","14000121","14000133","14000152","14000156","14000158","14000161","14000172","14000190","14000203","14000206","14000215","14000217","14000225","14000226","14000229","14000231","14000236","14000242","14000247","14000255"],"Palette:Voyage":["14000028","14000032","14000036","14000044","14000052","14000053","14000065","14000078","14000085","14000099","14000102","14000115","14000126","14000136","14000138","14000142","14000151","14000160","14000163","14000165","14000166","14000176","14000182","14000187","14000205","14000214","14000221","14000233","14000235","14000237","14000241","14000248","14000251","14000252"],"Palette:Cyber":["14000114","14000141","14000177","14000191","14000199","14000234","14000243"]},"1":{"Components:250-499":["14000000","14000005","14000010","14000019","14000031","14000033","14000043","14000045","14000046","14000056","14000074","14000083","14000090","14000101","14000112","14000113","14000119","14000120","14000126","14000131","14000138","14000148","14000161","14000167","14000176","14000182","14000187","14000188","14000189","14000195","14000198","14000200","14000201","14000208","14000209","14000213","14000221","14000229","14000232","14000247","14000249","14000250","14000251","14000252","14000254"],"Components:0-99":["14000001","14000007","14000009","14000011","14000013","14000015","14000017","14000020","14000021","14000022","14000023","14000025","14000029","14000030","14000036","14000039","14000044","14000047","14000048","14000049","14000050","14000051","14000052","14000053","14000055","14000059","14000060","14000063","14000064","14000065","14000067","14000068","14000071","14000072","14000073","14000076","14000084","14000085","14000086","14000087","14000092","14000093","14000095","14000096","14000097","14000098","14000099","14000104","14000106","14000107","14000114","14000117","14000122","14000125","14000129","14000132","14000134","14000135","14000137","14000141","14000142","14000143","14000146","14000147","14000149","14000150","14000151","14000154","14000156","14000162","14000164","14000170","14000172","14000175","14000177","14000178","14000180","14000185","14000191","14000192","14000193","14000194","14000196","14000199","14000202","14000203","14000204","14000205","14000206","14000212","14000214","14000215","14000217","14000220","14000224","14000225","14000226","14000228","14000230","14000231","14000234","14000242","14000243","14000244","14000246","14000248","14000253","14000255"],"Components:100-249":["14000002","14000003","14000006","14000008","14000012","14000014","14000016","14000018","14000024","14000026","14000027","14000028","14000032","14000034","14000035","14000037","14000038","14000040","14000041","14000054","14000057","14000058","14000061","14000062","14000066","14000069","14000070","14000075","14000078","14000079","14000080","14000081","14000082","14000088","14000089","14000091","14000094","14000100","14000102","14000103","14000105","14000108","14000109","14000110","14000111","14000115","14000116","14000118","14000121","14000123","14000124","14000127","14000128","14000130","14000133","14000136","14000139","14000140","14000144","14000145","14000152","14000153","14000155","14000157","14000158","14000159","14000160","14000165","14000166","14000168","14000169","14000173","14000174","14000179","14000181","14000183","14000186","14000190","14000197","14000207","14000210","14000216","14000218","14000219","14000222","14000233","14000235","14000236","14000238","14000239","14000240","14000241","14000245"],"Components:500-699":["14000004","14000042","14000163","14000171","14000184","14000211","14000227"],"Components:700+":["14000077","14000223","14000237"]},