{"id":15,"name":"Utopia","description":"We were succeeding at creating a reflect of the old home place in our new land. We hoped we had not re-created our mistakes.","artistName":"ge1doot","curation":"playground","invocations":"256","aspectRatio":"1","dynamic":true,"license":"NIFTY License","rarity":{"Sky color: Green":0.11328125,"Time: Day":0.45703125,"Structure: Laser tower":0.1953125,"Sky color: Grey":0.0390625,"Time: Night":0.3671875,"Structure: Skyscraper":0.1875,"Sky color: Black & White":0.046875,"Sky color: Neon":0.0625,"Structure: Generator":0.16796875,"Sky color: Yellow":0.1328125,"Sky color: Blue":0.13671875,"Time: Dawn":0.17578125,"Structure: Nuclear plant":0.1328125,"Structure: Ether":0.12890625,"Sky color: Cyan":0.02734375,"Sky color: Orange":0.1796875,"Structure: Pyramid":0.1875,"Sky color: Sepia":0.10546875,"Sky color: Black":0.03125,"Sky color: Purple":0.125,"UFO":0.02734375},"traits":{"0":{"Sky color: Green":["15000000","15000006","15000014","15000016","15000019","15000026","15000041","15000051","15000054","15000056","15000060","15000068","15000073","15000094","15000096","15000120","15000133","15000142","15000149","15000180","15000186","15000187","15000193","15000199","15000217","15000230","15000232","15000250","15000254"],"Sky color: Grey":["15000001","15000010","15000033","15000064","15000069","15000078","15000117","15000167","15000237","15000242"],"Sky color: Black & White":["15000002","15000008","15000012","15000027","15000088","15000114","15000144","15000153","15000181","15000197","15000205","15000220"],"Sky color: Neon":["15000003","15000017","15000022","15000049","15000082","15000109","15000123","15000124","15000134","15000141","15000152","15000185","15000204","15000228","15000229","15000246"],"Sky color: Yellow":["15000004","15000007","15000011","15000018","15000028","15000039","15000048","15000058","15000083","15000101","15000104","15000105","15000115","15000116","15000129","15000130","15000135","15000140","15000151","15000159","15000178","15000194","15000208","15000215","15000216","15000221","15000225","15000226","15000234","15000235","15000241","15000249","15000251","15000253"],"Sky color: Blue":["15000005","15000021","15000031","15000032","15000040","15000042","15000045","15000047","15000057","15000065","15000085","15000086","15000091","15000097","15000098","15000100","15000103","15000110","15000126","15000143","15000147","15000164","15000166","15000169","15000173","15000176","15000177","15000190","15000211","15000219","15000231","15000238","15000239","15000245","15000248"],"Sky color: Cyan":["15000009","15000023","15000093","15000131","15000138","15000227","15000243"],"Sky color: Orange":["15000013","15000015","15000029","15000038","15000043","15000044","15000046","15000050","15000055","15000059","15000061","15000066","15000074","15000077","15000089","15000090","15000092","15000099","15000118","15000119","15000122","15000125","15000128","15000139","15000148","15000154","15000158","15000163","15000172","15000175","15000182","15000183","15000188","15000189","15000201","15000202","15000203","15000206","15000209","15000214","15000218","15000223","15000224","15000233","15000244","15000252"],"Sky color: Sepia":["15000020","15000030","15000037","15000053","15000063","15000076","15000079","15000084","15000095","15000102","15000106","15000107","15000111","15000112","15000136","15000145","15000146","15000157","15000162","15000165","15000174","15000196","15000200","15000212","15000236","15000240","15000247"],"Sky color: Black":["15000024","15000025","15000062","15000067","15000150","15000168","15000170","15000192"],"Sky color: Purple":["15000034","15000035","15000036","15000052","15000070","15000071","15000072","15000075","15000080","15000081","15000087","15000108","15000113","15000121","15000127","15000132","15000137","15000155","15000156","15000160","15000161","15000171","15000179","15000184","15000191","15000195","15000198","15000207","15000210","15000213","15000222","15000255"]},"1":{"Time: Day":["15000000","15000002","15000003","15000004","15000006","15000008","15000011","15000012","15000016","15000017","15000019","15000022","15000026","15000027","15000028","15000029","15000032","15000034","15000035","15000036","15000038","15000039","15000041","15000044","15000045","15000047","15000048","15000049","15000050","15000054","15000057","15000060","15000061","15000068","15000070","15000073","15000074","15000080","15000081","15000082","15000083","15000088","15000089","15000090","15000091","15000097","15000099","15000100","15000101","15000104","15000109","15000113","15000114","15000116","15000119","15000122","15000123","15000124","15000125","15000128","15000130","15000132","15000133","15000134","15000135","15000137","15000141","15000144","15000151","15000152","15000153","15000154","15000158","15000163","15000172","15000175","15000176","15000181","15000184","15000185","15000186","15000187","15000188","15000189","15000194","15000197","15000198","15000199","15000201","15000202","15000203","15000204","15000205","15000206","15000207","15000208","15000209","15000210","15000211","15000213","15000214","15000215","15000217","15000219","15000220","15000221","15000222","15000223","15000225","15000226","15000228","15000229","15000232","15000235","15000238","15000246","15000250"],"Time: Night":["15000001","15000009","15000010","15000014","15000015","15000021","15000023","15000024","15000025","15000033","15000037","15000040","15000046","15000051","15000052","15000053","15000055","15000056","15000059","15000062","15000063","15000064","15000066","15000067","15000069","15000071","15000072","15000075","15000077","15000078","15000084","15000085","15000087","15000092","15000093","15000094","15000096","15000098","15000102","15000107","15000108","15000117","15000120","15000121","15000126","15000127","15000131","15000138","15000139","15000142","15000143","15000145","15000146","15000149","15000150","15000155","15000156","15000157","15000160","15000161","15000162","15000165","15000167","15000168","15000169","15000170","15000171","15000174","15000177","15000179","15000180","15000182","15000183","15000190","15000191","15000192","15000193","15000195","15000200","15000212","15000218","15000224","15000227","15000230","15000231","15000236","15000237","15000240","15000242","15000243","15000245","15000248","15000254","15000255"],"Time: Dawn":["15000005","15000007","15000013","15000018","15000020","15000030","15000031","15000042","15000043","15000058","15000065","15000076","15000079","15000086","15000095","15000103","15000105","15000106","15000110","15000111","15000112","15000115","15000118","15000129","15000136","15000140","15000147","15000148","15000159","15000164","15000166","15000173","15000178","15000196","15000216","15000233","15000234","15000239","15000241","15000244","15000247","15000249","15000251","15000252","15000253"]},"2":{"Structure: Laser tower":["15000000","15000004","15000007","15000011","15000015","15000022","15000023","15000026","15000028","15000029","15000032","15000033","15000036","15000049","15000053","15000058","15000071","15000072","15000077","15000079","15000081","15000082","15000087","15000091","15000092","15000094","15000096","15000097","15000104","15000114","15000138","15000141","15000146","15000150","15000157","15000158","15000160","15000165","15000168","15000172","15000187","15000194","15000195","15000196","15000198","15000207","15000226","15000235","15000239","15000243"],"Structure: Skyscraper":["15000001","15000002","15000014","15000025","15000046","15000047","15000054","15000056","15000060","15000062","15000063","15000065","15000067","15000068","15000084","15000085","15000088","15000090","15000105","15000121","15000122","15000125","15000127","15000135","15000140","15000143","15000144","15000148","15000149","15000161","15000164","15000181","15000182","15000184","15000185","15000197","15000199","15000209","15000214","15000215","15000222","15000228","15000230","15000234","15000236","15000241","15000247","15000253"],