{"id":18,"name":"Gen 2","description":"Generative System 2: In this installment, the token ID hash string is read from left to right to create a bitmap matrix and a color matrix. Both are combined to create an image, which is then used in algorithmic fashion to compose a dynamic visual composition.","artistName":"DCA","curation":"playground","invocations":"256","aspectRatio":"1","dynamic":true,"license":"NIFTY","rarity":{"Gen 2: Standard":0.66796875,"Color Variant: 1":0.3046875,"Color Accent: Dark":0.6171875,"Bitmap Style: 10":0.0625,"Gen 2: Rainbow":0.1328125,"Bitmap Style: 9":0.0546875,"Bitmap Style: 1":0.44140625,"Bitmap Style: 2":0.109375,"Bitmap Style: 3":0.07421875,"Bitmap Style: 5":0.0625,"Bitmap Style: 6":0.05078125,"Color Variant: 2":0.1875,"Gen 2: Monochrome":0.140625,"Bitmap Style: 8":0.046875,"Bitmap Style: 7":0.05078125,"Color Variant: 3":0.109375,"Color Variant: Ghost":0.08203125,"Color Accent: Light":0.05078125,"Bitmap Style: 4":0.046875,"Gen 2: Spectra":0.05859375,"Sprite: Plumber":0.01953125,"Sprite: Cherry":0.00390625,"Sprite: Heart":0.0078125,"Sprite: Eth":0.015625,"Sprite: Hero":0.00390625,"Sprite: Star":0.00390625,"Sprite: Mushroom":0.00390625},"traits":{"0":{"Gen 2: Standard":["18000000","18000001","18000003","18000004","18000006","18000007","18000009","18000012","18000013","18000014","18000016","18000018","18000019","18000020","18000021","18000024","18000025","18000027","18000028","18000029","18000031","18000032","18000034","18000035","18000037","18000038","18000039","18000042","18000043","18000044","18000045","18000046","18000047","18000048","18000049","18000050","18000051","18000052","18000055","18000056","18000059","18000060","18000061","18000062","18000063","18000065","18000066","18000067","18000068","18000069","18000070","18000071","18000073","18000076","18000077","18000078","18000079","18000080","18000081","18000082","18000083","18000084","18000086","18000087","18000089","18000090","18000091","18000092","18000098","18000100","18000103","18000104","18000106","18000107","18000108","18000111","18000113","18000114","18000116","18000117","18000118","18000119","18000120","18000121","18000125","18000126","18000127","18000128","18000129","18000130","18000131","18000132","18000133","18000134","18000135","18000137","18000138","18000139","18000140","18000141","18000143","18000144","18000145","18000146","18000148","18000149","18000152","18000153","18000154","18000155","18000156","18000157","18000159","18000160","18000163","18000164","18000166","18000168","18000170","18000171","18000172","18000173","18000174","18000176","18000179","18000180","18000181","18000183","18000184","18000186","18000188","18000190","18000191","18000192","18000195","18000197","18000198","18000199","18000200","18000202","18000203","18000204","18000206","18000208","18000209","18000211","18000212","18000213","18000216","18000218","18000219","18000220","18000222","18000225","18000226","18000227","18000229","18000233","18000236","18000239","18000240","18000241","18000242","18000243","18000244","18000245","18000247","18000249","18000252","18000253","18000255"],"Gen 2: Rainbow":["18000002","18000005","18000008","18000010","18000015","18000017","18000022","18000026","18000030","18000036","18000057","18000058","18000075","18000085","18000093","18000095","18000101","18000105","18000109","18000122","18000136","18000158","18000162","18000167","18000169","18000182","18000193","18000217","18000221","18000228","18000231","18000234","18000237","18000250"],"Gen 2: Monochrome":["18000011","18000033","18000041","18000054","18000064","18000072","18000074","18000088","18000094","18000099","18000110","18000112","18000115","18000123","18000124","18000142","18000147","18000150","18000151","18000161","18000165","18000175","18000185","18000187","18000189","18000194","18000201","18000207","18000210","18000214","18000215","18000223","18000224","18000246","18000251","18000254"],"Gen 2: Spectra":["18000023","18000040","18000053","18000096","18000097","18000102","18000177","18000178","18000196","18000205","18000230","18000232","18000235","18000238","18000248"]},"1":{"Color Variant: 1":["18000000","18000001","18000003","18000004","18000006","18000007","18000014","18000021","18000028","18000037","18000038","18000042","18000044","18000045","18000047","18000048","18000050","18000052","18000055","18000060","18000063","18000066","18000068","18000069","18000071","18000076","18000077","18000081","18000086","18000089","18000092","18000098","18000103","18000104","18000107","18000108","18000111","18000114","18000116","18000117","18000118","18000119","18000125","18000128","18000130","18000135","18000138","18000139","18000143","18000144","18000145","18000146","18000159","18000160","18000166","18000170","18000173","18000174","18000179","18000180","18000184","18000188","18000191","18000192","18000199","18000200","18000203","18000204","18000206","18000208","18000211","18000218","18000239","18000244","18000247","18000249","18000253","18000255"],"Bitmap Style: 9":["18000002","18000036","18000215","18000228"],"Bitmap Style: 3":["18000005","18000010","18000058","18000072","18000147","18000169","18000201"],"Bitmap Style: 6":["18000008","18000015","18000099","18000115","18000207"],"Color Variant: 2":["18000009","18000012","18000013","18000016","18000024","18000025","18000027","18000031","18000039","18000049","18000056","18000059","18000061","18000062","18000067","18000080","18000082","18000083","18000084","18000087","18000090","18000113","18000120","18000132","18000133","18000137","18000140","18000141","18000148","18000149","18000152","18000153","18000163","18000164","18000168","18000181","18000183","18000186","18000190","18000209","18000212","18000216","18000222","18000225","18000229","18000233","18000236","18000245"],"Bitmap Style: 8":["18000011","18000095","18000161"],"Bitmap Style: 1":["18000017","18000022","18000057","18000075","18000085","18000093","18000094","18000101","18000105","18000123","18000124","18000136","18000151","18000158","18000162","18000175","18000182","18000187","18000214","18000217","18000223","18000224","18000231","18000234","18000237","18000250","18000251"],"Color Variant: 3":["18000018","18000020","18000034","18000035","18000043","18000046","18000051","18000070","18000073","18000078","18000091","18000100","18000134","18000154","18000156","18000157","18000171","18000176","18000195","18000197","18000198","18000202","18000226","18000227","18000240","18000242","18000243","18000252"],"Color Variant: Ghost":["18000019","18000029","18000032","18000033","18000065","18000079","18000106","18000121","18000126","18000127","18000129","18000131","18000155","18000172","18000194","18000213","18000219","18000220","18000241","18000246"],"Sprite: Plumber":["18000023","18000096","18000097","18000205","18000238"],"Bitmap Style: 10":["18000026","18000109","18000193"],"Bitmap Style: 2":["18000030","18000074","18000110","18000112","18000122","18000165","18000185","18000210","18000221"],"Sprite: Cherry":["18000040"],"Bitmap Style: 4":["18000041","18000054","18000189"],"Sprite: Heart":["18000053","18000248"],"Bitmap Style: 7":["18000064","18000088","18000150","18000167"],"Sprite: Eth":["18000102","18000178","18000196","18000230"],"Bitmap Style: 5":["18000142","18000254"],"Sprite: Hero":["18000177"],"Sprite: Star":["18000232"],"Sprite: Mushroom":["18000235"]},