{"id":20,"name":"Sentience","description":"What does self-aware art look like?","artistName":"pxlq","curation":"playground","invocations":"144","aspectRatio":"1","dynamic":true,"license":"NFT License","rarity":{"Palette:Frost":0.08333333333333333,"Colors:2":0.3888888888888889,"Background:Night":0.3680555555555556,"Cursor:Flat":0.3194444444444444,"Palette:Bleed":0.09027777777777778,"Colors:3":0.2013888888888889,"Palette:Rushmore":0.041666666666666664,"Background:Silver":0.5347222222222222,"Cursor:Bar":0.3402777777777778,"Palette:Peach":0.06944444444444445,"Cursor:Cross":0.3402777777777778,"Palette:Knight":0.10416666666666667,"Palette:Moonrise":0.04861111111111111,"Colors:5":0.04861111111111111,"Palette:Royalty":0.09722222222222222,"Colors:7":0.09722222222222222,"Background:Royal":0.09722222222222222,"Palette:Punk":0.0625,"Colors:4":0.2638888888888889,"Palette:Invaders":0.06944444444444445,"Palette:Budapest":0.06944444444444445,"Palette:Fairy":0.06944444444444445,"Palette:Aspen":0.0763888888888889,"Palette:Dearth":0.05555555555555555,"Palette:Neon":0.0625},"traits":{"0":{"Palette:Frost":["20000000","20000011","20000018","20000024","20000036","20000038","20000047","20000063","20000084","20000102","20000120","20000125"],"Palette:Bleed":["20000001","20000004","20000017","20000023","20000025","20000055","20000069","20000078","20000085","20000094","20000112","20000116","20000143"],"Palette:Rushmore":["20000002","20000007","20000098","20000109","20000114","20000140"],"Palette:Peach":["20000003","20000015","20000059","20000076","20000077","20000096","20000103","20000128","20000132","20000138"],"Palette:Knight":["20000005","20000008","20000031","20000045","20000048","20000079","20000083","20000088","20000093","20000100","20000101","20000119","20000123","20000130","20000141"],"Palette:Moonrise":["20000006","20000014","20000040","20000073","20000107","20000110","20000115"],"Palette:Royalty":["20000009","20000010","20000039","20000046","20000050","20000058","20000060","20000065","20000066","20000070","20000075","20000087","20000099","20000113"],"Palette:Punk":["20000012","20000020","20000035","20000071","20000106","20000117","20000124","20000135","20000137"],"Palette:Invaders":["20000013","20000028","20000029","20000030","20000049","20000080","20000091","20000097","20000108","20000129"],"Palette:Budapest":["20000016","20000026","20000052","20000067","20000086","20000121","20000126","20000133","20000136","20000139"],"Palette:Fairy":["20000019","20000021","20000027","20000032","20000044","20000051","20000068","20000081","20000111","20000142"],"Palette:Aspen":["20000022","20000041","20000054","20000057","20000061","20000062","20000072","20000089","20000127","20000131","20000134"],"Palette:Dearth":["20000033","20000037","20000053","20000056","20000064","20000074","20000090","20000104"],"Palette:Neon":["20000034","20000042","20000043","20000082","20000092","20000095","20000105","20000118","20000122"]},"1":{"Colors:2":["20000000","20000005","20000008","20000011","20000013","20000018","20000022","20000024","20000028","20000029","20000030","20000031","20000033","20000036","20000037","20000038","20000041","20000045","20000047","20000048","20000049","20000053","20000054","20000056","20000057","20000061","20000062","20000063","20000064","20000072","20000074","20000079","20000080","20000083","20000084","20000088","20000089","20000090","20000091","20000093","20000097","20000100","20000101","20000102","20000104","20000108","20000119","20000120","20000123","20000125","20000127","20000129","20000130","20000131","20000134","20000141"],"Colors:3":["20000001","20000002","20000003","20000004","20000007","20000015","20000017","20000023","20000025","20000055","20000059","20000069","20000076","20000077","20000078","20000085","20000094","20000096","20000098","20000103","20000109","20000112","20000114","20000116","20000128","20000132","20000138","20000140","20000143"],"Colors:5":["20000006","20000014","20000040","20000073","20000107","20000110","20000115"],"Colors:7":["20000009","20000010","20000039","20000046","20000050","20000058","20000060","20000065","20000066","20000070","20000075","20000087","20000099","20000113"],"Colors:4":["20000012","20000016","20000019","20000020","20000021","20000026","20000027","20000032","20000034","20000035","20000042","20000043","20000044","20000051","20000052","20000067","20000068","20000071","20000081","20000082","20000086","20000092","20000095","20000105","20000106","20000111","20000117","20000118","20000121","20000122","20000124","20000126","20000133","20000135","20000136","20000137","20000139","20000142"]},"2":{"Background:Night":["20000000","20000001","20000004","20000011","20000017","20000018","20000022","20000023","20000024","20000025","20000033","20000034","20000036","20000037","20000038","20000041","20000042","20000043","20000047","20000053","20000054","20000055","20000056","20000057","20000061","20000062","20000063","20000064","20000069","20000072","20000074","20000078","20000082","20000084","20000085","20000089","20000090","20000092","20000094","20000095","20000102","20000104","20000105","20000112","20000116","20000118","20000120","20000122","20000125","20000127","20000131","20000134","20000143"],"Background:Silver":["20000002","20000003","20000005","20000006","20000007","20000008","20000012","20000013","20000014","20000015","20000016","20000019","20000020","20000021","20000026","20000027","20000028","20000029","20000030","20000031","20000032","20000035","20000040","20000044","20000045","20000048","20000049","20000051","20000052","20000059","20000067","20000068","20000071","20000073","20000076","20000077","20000079","20000080","20000081","20000083","20000086","20000088","20000091","20000093","20000096","20000097","20000098","20000100","20000101","20000103","20000106","20000107","20000108","20000109","20000110","20000111","20000114","20000115","20000117","20000119","20000121","20000123","20000124","20000126","20000128","20000129","20000130","20000132","20000133","20000135","20000136","20000137","20000138","20000139","20000140","20000141","20000142"],"Background:Royal":["20000009","20000010","20000039","20000046","20000050","20000058","20000060","20000065","20000066","20000070","20000075","20000087","20000099","20000113"]},"3":{"Cursor:Flat":["20000000","20000001","20000009","20000012","20000018","20000023","20000026","20000028","20000033","20000036","20000037","20000038","20000040","20000042","20000043","20000044","20000049","20000054","20000059","20000060","20000064","20000067","20000085","20000088","20000090","20000091","20000093","20000095","20000096","20000097","20000104","20000106","20000107","20000115","20000118","20000120","20000125","20000127","20000128","20000131","20000132","20000134","20000136","20000137","20000139","20000143"],"Cursor:Bar":["20000002","20000004","20000007","20000008","20000011","20000013","20000015","20000016","20000019","20000020","20000025","20000027","20000034","20000035","20000039","20000041","20000045","20000051","20000052","20000055","20000058","20000061","20000063","20000065","20000066","20000068","20000069","20000071","20000072","20000073","20000076","20000078","20000079","20000080","20000081","20000082","20000083","20000084","20000089","20000098","20000100","20000109","20000114","20000116","20000123","20000124","20000126","20000129","20000141"],"Cursor:Cross":["20000003","20000005","20000006","20000010","20000014","20000017","20000021","20000022","20000024","20000029","20000030","20000031","20000032","20000046","20000047","20000048","20000050","20000053","20000056","20000057","20000062","20000070","20000074","20000075","20000077","20000086","20000087","20000092","20000094","20000099","20000101","20000102","20000103","20000105","20000108","20000110","20000111","20000112","20000113","20000117","20000119","20000121","20000122","20000130","20000133","20000135","20000138","20000140","20000142"]}},