{"id":32,"name":"Light Beams","description":"A study of color in motion. Beams of light ebb and flow like ocean waves, their colors softly blending to form dreamy gradients.","artistName":"Jason Ting","curation":"factory","invocations":"150","aspectRatio":"1","dynamic":true,"license":"CC BY-NC 4.0","rarity":{"Style: Single":0.54,"Density: Compact":0.20666666666666667,"Palette: Ice":0.1,"Style: Dual":0.46,"Density: Normal":0.7933333333333333,"Palette: Tranquility":0.13333333333333333,"Palette: Synergy":0.10666666666666667,"Palette: Fiery":0.12,"Palette: Chill Out":0.10666666666666667,"Palette: Making Peace":0.12666666666666668,"Palette: Blue Steel":0.10666666666666667,"Palette: Radical Softness":0.11333333333333333,"Palette: Rainbow":0.08666666666666667},"traits":{"0":{"Style: Single":["32000000","32000002","32000003","32000004","32000005","32000006","32000007","32000008","32000009","32000010","32000011","32000012","32000013","32000014","32000015","32000016","32000017","32000019","32000020","32000022","32000023","32000024","32000028","32000030","32000031","32000033","32000034","32000037","32000038","32000039","32000040","32000042","32000044","32000045","32000052","32000054","32000055","32000056","32000058","32000062","32000063","32000067","32000069","32000071","32000072","32000073","32000076","32000081","32000085","32000086","32000087","32000088","32000091","32000096","32000097","32000098","32000099","32000100","32000101","32000102","32000108","32000114","32000115","32000120","32000121","32000122","32000124","32000125","32000128","32000129","32000130","32000131","32000133","32000135","32000136","32000139","32000140","32000144","32000145","32000148","32000149"],"Style: Dual":["32000001","32000018","32000021","32000025","32000026","32000027","32000029","32000032","32000035","32000036","32000041","32000043","32000046","32000047","32000048","32000049","32000050","32000051","32000053","32000057","32000059","32000060","32000061","32000064","32000065","32000066","32000068","32000070","32000074","32000075","32000077","32000078","32000079","32000080","32000082","32000083","32000084","32000089","32000090","32000092","32000093","32000094","32000095","32000103","32000104","32000105","32000106","32000107","32000109","32000110","32000111","32000112","32000113","32000116","32000117","32000118","32000119","32000123","32000126","32000127","32000132","32000134","32000137","32000138","32000141","32000142","32000143","32000146","32000147"]},"1":{"Density: Compact":["32000000","32000004","32000006","32000019","32000022","32000028","32000034","32000037","32000038","32000039","32000052","32000054","32000055","32000062","32000063","32000067","32000069","32000081","32000097","32000098","32000100","32000101","32000102","32000115","32000120","32000128","32000133","32000140","32000144","32000148","32000149"],"Density: Normal":["32000001","32000002","32000003","32000005","32000007","32000008","32000009","32000010","32000011","32000012","32000013","32000014","32000015","32000016","32000017","32000018","32000020","32000021","32000023","32000024","32000025","32000026","32000027","32000029","32000030","32000031","32000032","32000033","32000035","32000036","32000040","32000041","32000042","32000043","32000044","32000045","32000046","32000047","32000048","32000049","32000050","32000051","32000053","32000056","32000057","32000058","32000059","32000060","32000061","32000064","32000065","32000066","32000068","32000070","32000071","32000072","32000073","32000074","32000075","32000076","32000077","32000078","32000079","32000080","32000082","32000083","32000084","32000085","32000086","32000087","32000088","32000089","32000090","32000091","32000092","32000093","32000094","32000095","32000096","32000099","32000103","32000104","32000105","32000106","32000107","32000108","32000109","32000110","32000111","32000112","32000113","32000114","32000116","32000117","32000118","32000119","32000121","32000122","32000123","32000124","32000125","32000126","32000127","32000129","32000130","32000131","32000132","32000134","32000135","32000136","32000137","32000138","32000139","32000141","32000142","32000143","32000145","32000146","32000147"]},"2":{"Palette: Ice":["32000000","32000002","32000004","32000027","32000032","32000090","32000094","32000096","32000107","32000114","32000122","32000133","32000141","32000142","32000149"],"Palette: Tranquility":["32000001","32000007","32000015","32000021","32000024","32000035","32000046","32000054","32000064","32000077","32000097","32000098","32000100","32000102","32000106","32000117","32000124","32000136","32000140","32000145"],"Palette: Synergy":["32000003","32000006","32000008","32000012","32000014","32000031","32000034","32000044","32000047","32000092","32000101","32000118","32000120","32000132","32000135","32000137"],"Palette: Fiery":["32000005","32000013","32000020","32000036","32000042","32000055","32000057","32000058","32000071","32000079","32000095","32000112","32000123","32000126","32000127","32000128","32000138","32000146"],"Palette: Chill Out":["32000009","32000016","32000038","32000045","32000048","32000051","32000056","32000060","32000065","32000074","32000081","32000104","32000116","32000121","32000139","32000147"],"Palette: Making Peace":["32000010","32000017","32000026","32000033","32000040","32000052","32000053","32000061","32000070","32000080","32000088","32000089","32000091","32000093","32000099","32000115","32000119","32000129","32000144"],"Palette: Blue Steel":["32000011","32000028","32000029","32000039","32000050","32000062","32000066","32000068","32000072","32000075","32000086","32000105","32000108","32000111","32000131","32000148"],"Palette: Radical Softness":["32000018","32000019","32000022","32000023","32000025","32000030","32000037","32000043","32000059","32000067","32000069","32000073","32000084","32000087","32000109","32000110","32000143"],"Palette: Rainbow":["32000041","32000049","32000063","32000076","32000078","32000082","32000083","32000085","32000103","32000113","32000125","32000130","32000134"]}},"ranking":["32000063","32000000","32000004","32000133","32000149","32000006","32000028","32000034","32000038","32000039","32000062","32000081","32000101","32000120","32000148","32000019","32000022","32000037","32000067","32000069","32000055","32000128","32000052","32000115","32000144","32000054","32000097","32000098","32000100","32000102","32000140","32000041","32000049","32000078","32000082","32000083","32000103","32000113","32000134","32000027","32000032","32000090","32000094","32000107","32000141","32000142","32000076","32000085","32000125","32000130","32000029","32000047","32000048","32000050","32000051","32000060","32000065","32000066","32000068","32000074","32000075","32000092","32000104","32000105","32000111","32000116","32000118","32000132","32000137","32000147","32000018","32000025","32000043","32000059","32000084","32000109","32000110","32000143","32000002","32000096","32000114","32000122","32000036","32000057","32000079","32000095","32000112","32000123","32000126","32000127","32000138","32000146","32000003","32000008","32000009","32000011","32000012","32000014","32000016","32000031","32000044","32000045","32000056","32000072","32000086","32000108","32000121","32000131","32000135","32000139","32000026","32000053","32000061","32000070","32000080","32000089","32000093","32000119","32000023","32000030","32000073","32000087","32000001","32000021","32000035","32000046","32000064","32000077","32000106","32000117","32000005","32000013","32000020","32000042","32000058","32000071","32000010","32000017","32000033","32000040","32000088","32000091","32000099","32000129","32000007","32000015","32000024","32000124","32000136","32000145"]}