{"id":45,"name":"Gravity Grid","description":"Gravity Grid is heavily inspired by Go, a 2,500 year old board game. The game of Go is played on a 19x19 grid, which is how every Gravity Grid invocation begins. A psychedelic \"gameboard\" is drawn and pulled apart by gravity, as if slowly orbiting a black hole in space. Each Gravity Grid starts at a different stage of this process. Don't forget to click and hold - you *might* find an additional effect.","artistName":"Eliya Stein","curation":"factory","invocations":"81","aspectRatio":"1","dynamic":true,"license":"NIFTY License","rarity":{"Offset: 0":0.12345679012345678,"Widener: Static":0.43209876543209874,"Pre-Wash: False":0.4567901234567901,"Wash: False":0.7530864197530864,"Ring Expander: True":0.4567901234567901,"Accelerator: True":0.48148148148148145,"Cell Alpha: 89":0.012345679012345678,"Offset: 1971":0.012345679012345678,"Widener: Random":0.18518518518518517,"Cell Alpha: 66":0.012345679012345678,"Offset: 729":0.012345679012345678,"Widener: None":0.38271604938271603,"Cell Alpha: 115":0.012345679012345678,"Offset: 4224":0.012345679012345678,"Pre-Wash: True":0.5432098765432098,"Ring Expander: False":0.5432098765432098,"Accelerator: False":0.5185185185185185,"Cell Alpha: 93":0.04938271604938271,"Offset: 17120":0.012345679012345678,"Cell Alpha: 10":0.012345679012345678,"Offset: 219":0.012345679012345678,"Wash: True":0.24691358024691357,"Cell Alpha: 95":0.012345679012345678,"Offset: 11256":0.012345679012345678,"Cell Alpha: 84":0.037037037037037035,"Offset: 2035854":0.012345679012345678,"Cell Alpha: 129":0.012345679012345678,"Offset: 3360":0.012345679012345678,"Cell Alpha: 29":0.012345679012345678,"Offset: 5082":0.012345679012345678,"Cell Alpha: 68":0.012345679012345678,"Offset: 1250380.8":0.012345679012345678,"Cell Alpha: 22":0.012345679012345678,"Offset: 1392":0.012345679012345678,"Cell Alpha: 150":0.012345679012345678,"Cell Alpha: 52":0.024691358024691357,"Offset: 4860":0.012345679012345678,"Cell Alpha: 11":0.012345679012345678,"Offset: 6084":0.012345679012345678,"Cell Alpha: 102":0.012345679012345678,"Offset: 1268784":0.012345679012345678,"Cell Alpha: 113":0.024691358024691357,"Offset: 48":0.012345679012345678,"Cell Alpha: 97":0.024691358024691357,"Offset: 856":0.012345679012345678,"Cell Alpha: 15":0.037037037037037035,"Offset: 885":0.012345679012345678,"Cell Alpha: 46":0.012345679012345678,"Offset: 2405":0.012345679012345678,"Cell Alpha: 153":0.012345679012345678,"Offset: 2394":0.012345679012345678,"Cell Alpha: 23":0.012345679012345678,"Offset: 1236":0.012345679012345678,"Cell Alpha: 142":0.024691358024691357,"Offset: 1429876.8":0.012345679012345678,"Cell Alpha: 67":0.012345679012345678,"Offset: 1728216":0.012345679012345678,"Cell Alpha: 131":0.024691358024691357,"Offset: 3112704":0.012345679012345678,"Cell Alpha: 146":0.024691358024691357,"Offset: 20":0.012345679012345678,"Cell Alpha: 144":0.012345679012345678,"Offset: 219600":0.012345679012345678,"Cell Alpha: 145":0.012345679012345678,"Offset: 7194":0.012345679012345678,"Offset: 3760":0.012345679012345678,"Cell Alpha: 43":0.012345679012345678,"Offset: 4968":0.012345679012345678,"Cell Alpha: 137":0.024691358024691357,"Offset: 1306905.5999999999":0.012345679012345678,"Cell Alpha: 141":0.012345679012345678,"Offset: 13376":0.012345679012345678,"Offset: 8160":0.012345679012345678,"Cell Alpha: 65":0.024691358024691357,"Offset: 1848":0.012345679012345678,"Cell Alpha: 70":0.024691358024691357,"Offset: 585":0.012345679012345678,"Offset: 182":0.012345679012345678,"Offset: 528":0.012345679012345678,"Cell Alpha: 51":0.012345679012345678,"Offset: 4168857.5999999996":0.012345679012345678,"Cell Alpha: 80":0.012345679012345678,"Offset: 4560":0.012345679012345678,"Cell Alpha: 47":0.012345679012345678,"Offset: 264":0.012345679012345678,"Cell Alpha: 20":0.012345679012345678,"Offset: 560":0.012345679012345678,"Cell Alpha: 64":0.024691358024691357,"Offset: 124992":0.012345679012345678,"Cell Alpha: 31":0.012345679012345678,"Offset: 124":0.012345679012345678,"Offset: 202176":0.012345679012345678,"Cell Alpha: 14":0.012345679012345678,"Offset: 2040":0.012345679012345678,"Cell Alpha: 48":0.012345679012345678,"Offset: 2616":0.012345679012345678,"Cell Alpha: 106":0.012345679012345678,"Offset: 2772":0.012345679012345678,"Offset: 2618":0.012345679012345678,"Cell Alpha: 94":0.012345679012345678,"Cell Alpha: 25":0.012345679012345678,"Offset: 12348":0.012345679012345678,"Cell Alpha: 120":0.012345679012345678,"Offset: 6636":0.012345679012345678,"Cell Alpha: 79":0.012345679012345678,"Offset: 5338267.2":0.012345679012345678,"Cell Alpha: 59":0.012345679012345678,"Offset: 21336":0.012345679012345678,"Cell Alpha: 19":0.012345679012345678,"Offset: 5670":0.012345679012345678,"Cell Alpha: 128":0.012345679012345678,"Offset: 2496":0.012345679012345678,"Cell Alpha: 74":0.024691358024691357,"Offset: 5458752":0.012345679012345678,"Cell Alpha: 133":0.012345679012345678,"Offset: 16146":0.012345679012345678,"Cell Alpha: 7":0.012345679012345678,"Offset: 1507017.5999999999":0.012345679012345678,"Cell Alpha: 130":0.012345679012345678,"Offset: 27440":0.012345679012345678,"Offset: 6600":0.012345679012345678,"Cell Alpha: 73":0.012345679012345678,"Offset: 8112":0.012345679012345678,"Offset: 3900":0.012345679012345678,"Cell Alpha: 61":0.012345679012345678,"Offset: 9792":0.012345679012345678,"Cell Alpha: 103":0.012345679012345678,"Offset: 1315116":0.012345679012345678,"Cell Alpha: 26":0.012345679012345678,"Offset: 1050":0.012345679012345678,"Cell Alpha: 112":0.012345679012345678,"Offset: 3068":0.012345679012345678,"Offset: 122":0.012345679012345678,"Cell Alpha: 32":0.012345679012345678,"Offset: 3864":0.012345679012345678,"Offset: 2453670":0.012345679012345678,"Cell Alpha: 81":0.012345679012345678,"Offset: 1568":0.012345679012345678,"Cell Alpha: 24":0.012345679012345678,"Offset: 180":0.012345679012345678,"Cell Alpha: 110":0.012345679012345678,"Offset: 908":0.012345679012345678,"Cell Alpha: 55":0.012345679012345678,"Offset: 544":0.012345679012345678,"Cell Alpha: 122":0.012345679012345678,"Offset: 1501718.4":0.012345679012345678},"traits":{"0":{"Offset: 0":["45000000","45000009","45000013","45000021","45000035","45000051","45000052","45000053","45000063","45000079"],"Offset: 1971":["45000001"],"Offset: 729":["45000002"],"Offset: 4224":["45000003"],"Offset: 17120":["45000004"],"Offset: 219":["45000005"],"Offset: 11256":["45000006"],"Offset: 2035854":["45000007"],"Offset: 3360":["45000008"],"Offset: 5082":["45000010"],"Offset: 1250380.8":["45000011"],"Offset: 1392":["45000012"],"Offset: 4860":["45000014"],"Offset: 6084":["45000015"],"Offset: 1268784":["45000016"],"Offset: 48":["45000017"],"Offset: 856":["45000018"],"Offset: 885":["45000019"],"Offset: 2405":["45000020"],"Offset: 2394":["45000022"],"Offset: 1236":["45000023"],"Offset: 1429876.8":["45000024"],"Offset: 1728216":["45000025"],"Offset: 3112704":["45000026"],"Offset: 20":["45000027"],"Offset: 219600":["45000028"],"Offset: 7194":["45000029"],"Offset: 3760":["45000030"],"Offset: 4968":["45000031"],"Offset: 1306905.5999999999":["45000032"],"Offset: 13376":["45000033"],"Offset: 8160":["45000034"],"Offset: 1848":["45000036"],"Offset: 585":["45000037"],"Offset: 182":["45000038"],"Offset: 528":["45000039"],"Offset: 4168857.5999999996":["45000040"],"Offset: 4560":["45000041"],"Offset: 264":["45000042"],"Offset: 560":["45000043"],"Offset: 124992":["45000044"],"Offset: 124":["45000045"],"Offset: 202176":["45000046"],"Offset: 2040":["45000047"],"Offset: 2616":["45000048"],"Offset: 2772":["45000049"],"Offset: 2618":["45000050"],"Offset: 12348":["45000054"],"Offset: 6636":["45000055"],"Offset: 5338267.2":["45000056"],"Offset: 21336":["45000057"],"Offset: 5670":["45000058"],"Offset: 2496":["45000059"],"Offset: 5458752":["45000060"],"Offset: 16146":["45000061"],"Offset: 1507017.5999999999":["45000062"],"Offset: 27440":["45000064"],"Offset: 6600":["45000065"],"Offset: 8112":["45000066"],"Offset: 3900":["45000067"],"Offset: 9792":["45000068"],