{"id":56,"name":"Aurora IV","description":"So many worlds to wander through until we find one we can call our home.","artistName":"ge1doot","curation":"playground","invocations":"128","aspectRatio":"1","dynamic":true,"license":"NIFTY License","rarity":{"mode:night":0.1171875,"model:city":0.2109375,"color:hue 300":0.078125,"rotation:clockwise":0.9140625,"mode:day":0.8828125,"color:hue 200":0.0703125,"model:station":0.5859375,"color:hue 250":0.046875,"color:hue 15":0.5234375,"color:hue 100":0.0546875,"color:hue 0":0.0625,"model:megalopolis":0.0703125,"color:sepia":0.03125,"model:outpost":0.1328125,"rotation:counter-clockwise":0.0859375,"color:hue 220":0.0859375,"color:multicolors":0.0390625,"color:black and white":0.0078125},"traits":{"0":{"mode:night":["56000000","56000036","56000041","56000056","56000059","56000067","56000077","56000083","56000085","56000100","56000102","56000105","56000116","56000123","56000127"],"mode:day":["56000001","56000002","56000003","56000004","56000005","56000006","56000007","56000008","56000009","56000010","56000011","56000012","56000013","56000014","56000015","56000016","56000017","56000018","56000019","56000020","56000021","56000022","56000023","56000024","56000025","56000026","56000027","56000028","56000029","56000030","56000031","56000032","56000033","56000034","56000035","56000037","56000038","56000039","56000040","56000042","56000043","56000044","56000045","56000046","56000047","56000048","56000049","56000050","56000051","56000052","56000053","56000054","56000055","56000057","56000058","56000060","56000061","56000062","56000063","56000064","56000065","56000066","56000068","56000069","56000070","56000071","56000072","56000073","56000074","56000075","56000076","56000078","56000079","56000080","56000081","56000082","56000084","56000086","56000087","56000088","56000089","56000090","56000091","56000092","56000093","56000094","56000095","56000096","56000097","56000098","56000099","56000101","56000103","56000104","56000106","56000107","56000108","56000109","56000110","56000111","56000112","56000113","56000114","56000115","56000117","56000118","56000119","56000120","56000121","56000122","56000124","56000125","56000126"]},"1":{"model:city":["56000000","56000001","56000003","56000006","56000009","56000016","56000021","56000025","56000030","56000033","56000044","56000045","56000052","56000053","56000061","56000067","56000070","56000075","56000084","56000085","56000099","56000103","56000104","56000115","56000121","56000122","56000123"],"model:station":["56000002","56000004","56000005","56000010","56000011","56000012","56000015","56000019","56000023","56000024","56000026","56000027","56000029","56000032","56000034","56000035","56000037","56000038","56000039","56000040","56000041","56000042","56000043","56000046","56000047","56000048","56000049","56000050","56000051","56000055","56000056","56000057","56000058","56000060","56000062","56000063","56000066","56000068","56000069","56000071","56000072","56000073","56000076","56000079","56000081","56000082","56000083","56000086","56000087","56000088","56000091","56000093","56000094","56000097","56000098","56000100","56000102","56000105","56000106","56000107","56000108","56000109","56000110","56000111","56000112","56000113","56000114","56000116","56000117","56000118","56000119","56000124","56000125","56000126","56000127"],"model:megalopolis":["56000007","56000013","56000017","56000031","56000054","56000065","56000089","56000092","56000095"],"model:outpost":["56000008","56000014","56000018","56000020","56000022","56000028","56000036","56000059","56000064","56000074","56000077","56000078","56000080","56000090","56000096","56000101","56000120"]},"2":{"color:hue 300":["56000000","56000003","56000010","56000025","56000037","56000058","56000059","56000060","56000082","56000125"],"color:hue 200":["56000001","56000023","56000024","56000043","56000046","56000063","56000085","56000108","56000112"],"color:hue 250":["56000002","56000016","56000018","56000040","56000084","56000110"],"color:hue 15":["56000004","56000008","56000009","56000011","56000012","56000013","56000014","56000015","56000020","56000021","56000026","56000027","56000029","56000031","56000032","56000033","56000035","56000036","56000038","56000039","56000041","56000048","56000050","56000051","56000052","56000053","56000054","56000055","56000061","56000062","56000064","56000065","56000067","56000068","56000069","56000071","56000072","56000073","56000075","56000076","56000078","56000079","56000081","56000083","56000089","56000092","56000093","56000094","56000096","56000098","56000099","56000100","56000101","56000103","56000104","56000105","56000106","56000107","56000113","56000115","56000116","56000120","56000122","56000123","56000124","56000126","56000127"],"color:hue 100":["56000005","56000047","56000056","56000066","56000077","56000088","56000090"],"color:hue 0":["56000006","56000070","56000086","56000087","56000095","56000109","56000117","56000121"],"color:sepia":["56000007","56000045","56000057","56000119"],"color:hue 220":["56000017","56000019","56000022","56000030","56000034","56000042","56000049","56000074","56000080","56000102","56000111"],"color:multicolors":["56000028","56000044","56000091","56000114","56000118"],"color:black and white":["56000097"]},"3":{"rotation:clockwise":["56000000","56000001","56000002","56000003","56000004","56000005","56000006","56000007","56000008","56000009","56000010","56000011","56000012","56000013","56000014","56000015","56000017","56000018","56000019","56000020","56000021","56000022","56000024","56000025","56000026","56000027","56000028","56000029","56000030","56000031","56000032","56000033","56000034","56000035","56000036","56000037","56000038","56000039","56000040","56000041","56000042","56000043","56000044","56000046","56000047","56000048","56000049","56000050","56000051","56000052","56000053","56000054","56000055","56000056","56000057","56000058","56000059","56000060","56000062","56000063","56000064","56000065","56000066","56000067","56000068","56000070","56000071","56000072","56000073","56000074","56000075","56000076","56000078","56000079","56000081","56000082","56000083","56000084","56000085","56000086","56000087","56000088","56000089","56000090","56000091","56000092","56000093","56000094","56000095","56000096","56000097","56000099","56000100","56000101","56000102","56000103","56000104","56000105","56000106","56000107","56000108","56000110","56000111","56000112","56000114","56000115","56000116","56000117","56000118","56000119","56000120","56000122","56000123","56000124","56000125","56000126","56000127"],"rotation:counter-clockwise":["56000016","56000023","56000045","56000061","56000069","56000077","56000080","56000098","56000109","56000113","56000121"]}},