{"id":61,"name":"70s Pop Super Fun Summertime Bonus Pack 🍸","description":"No special features, just sun-bleached curves in white set on four fresh summer palettes; Miami, Florida, New Orleans, Los Angeles and gradients for days. See the website ☝️ for more details. All Ξ from primary sales will be going to the Women Who Code non-profit organisation.","artistName":"Daniel Catt","curation":"factory","invocations":"64","aspectRatio":"1","dynamic":true,"license":"NIFTY","rarity":{"Tiles: 11x11":0.125,"Lines: 6":0.21875,"Boosted: 0":0.734375,"Pattern: None":0.90625,"Palette: New Orleans":0.34375,"Fill: Vibes":1,"Tiles: 15x15":0.125,"Lines: 3":0.109375,"Pattern: waves":0.09375,"Palette: Los Angeles":0.203125,"Tiles: 10x10":0.125,"Lines: 7":0.078125,"Tiles: 7x7":0.09375,"Lines: 8":0.125,"Tiles: 12x12":0.125,"Lines: 4":0.140625,"Boosted: -1":0.046875,"Palette: Florida":0.234375,"Tiles: 16x16":0.046875,"Lines: 2":0.078125,"Palette: Miami":0.21875,"Lines: 5":0.15625,"Tiles: 9x9":0.0625,"Tiles: 17x17":0.0625,"Lines: 9":0.0625,"Boosted: 1":0.09375,"Boosted: 2":0.0625,"Tiles: 14x14":0.0625,"Tiles: 13x13":0.0625,"Boosted: -2":0.0625,"Tiles: 6x6":0.0625,"Tiles: 8x8":0.03125,"Lines: 11":0.015625,"Tiles: 5x5":0.015625,"Lines: 1":0.015625},"traits":{"0":{"Tiles: 11x11":["61000000","61000006","61000013","61000018","61000019","61000024","61000029","61000047"],"Tiles: 15x15":["61000001","61000021","61000023","61000026","61000036","61000042","61000062","61000063"],"Tiles: 10x10":["61000002","61000007","61000039","61000043","61000045","61000048","61000053","61000058"],"Tiles: 7x7":["61000003","61000010","61000028","61000040","61000051","61000061"],"Tiles: 12x12":["61000004","61000025","61000030","61000032","61000033","61000035","61000038","61000059"],"Tiles: 16x16":["61000005","61000031","61000046"],"Tiles: 9x9":["61000008","61000012","61000052","61000057"],"Tiles: 17x17":["61000009","61000011","61000027","61000056"],"Tiles: 14x14":["61000014","61000015","61000020","61000060"],"Tiles: 13x13":["61000016","61000017","61000044","61000049"],"Tiles: 6x6":["61000022","61000034","61000041","61000054"],"Tiles: 8x8":["61000037","61000050"],"Tiles: 5x5":["61000055"]},"1":{"Lines: 6":["61000000","61000019","61000024","61000032","61000033","61000034","61000045","61000047","61000048","61000049","61000051","61000053","61000057","61000058"],"Lines: 3":["61000001","61000020","61000030","61000031","61000036","61000042","61000063"],"Lines: 7":["61000002","61000008","61000013","61000018","61000052"],"Lines: 8":["61000003","61000012","61000025","61000028","61000037","61000040","61000054","61000061"],"Lines: 4":["61000004","61000014","61000015","61000017","61000021","61000026","61000038","61000060","61000062"],"Lines: 2":["61000005","61000009","61000011","61000027","61000046"],"Lines: 5":["61000006","61000007","61000016","61000023","61000029","61000035","61000039","61000043","61000044","61000059"],"Lines: 9":["61000010","61000022","61000050","61000055"],"Lines: 11":["61000041"],"Lines: 1":["61000056"]},"2":{"Boosted: 0":["61000000","61000001","61000002","61000003","61000005","61000006","61000007","61000008","61000009","61000011","61000014","61000015","61000016","61000017","61000018","61000019","61000021","61000022","61000024","61000026","61000027","61000028","61000029","61000031","61000032","61000033","61000035","61000036","61000037","61000038","61000039","61000042","61000043","61000047","61000048","61000049","61000053","61000054","61000055","61000056","61000057","61000058","61000059","61000060","61000061","61000062","61000063"],"Boosted: -1":["61000004","61000045","61000046"],"Boosted: 1":["61000010","61000013","61000023","61000040","61000044","61000052"],"Boosted: 2":["61000012","61000025","61000041","61000050"],"Boosted: -2":["61000020","61000030","61000034","61000051"]},"3":{"Pattern: None":["61000000","61000002","61000003","61000004","61000006","61000007","61000008","61000009","61000010","61000011","61000012","61000013","61000015","61000016","61000017","61000018","61000019","61000020","61000021","61000022","61000023","61000024","61000025","61000027","61000028","61000029","61000031","61000032","61000033","61000034","61000035","61000036","61000037","61000038","61000039","61000040","61000041","61000042","61000043","61000044","61000045","61000046","61000047","61000048","61000049","61000050","61000051","61000052","61000054","61000055","61000056","61000057","61000058","61000059","61000060","61000061","61000062","61000063"],"Pattern: waves":["61000001","61000005","61000014","61000026","61000030","61000053"]},"4":{"Palette: New Orleans":["61000000","61000002","61000003","61000006","61000007","61000009","61000020","61000021","61000023","61000025","61000029","61000032","61000033","61000035","61000036","61000037","61000038","61000041","61000044","61000049","61000054","61000058"],"Palette: Los Angeles":["61000001","61000010","61000013","61000016","61000024","61000031","61000043","61000047","61000051","61000052","61000057","61000060","61000063"],"Palette: Florida":["61000004","61000008","61000012","61000014","61000015","61000018","61000026","61000028","61000030","61000034","61000040","61000042","61000048","61000055","61000062"],"Palette: Miami":["61000005","61000011","61000017","61000019","61000022","61000027","61000039","61000045","61000046","61000050","61000053","61000056","61000059","61000061"]},"5":{"Fill: Vibes":["61000000","61000001","61000002","61000003","61000004","61000005","61000006","61000007","61000008","61000009","61000010","61000011","61000012","61000013","61000014","61000015","61000016","61000017","61000018","61000019","61000020","61000021","61000022","61000023","61000024","61000025","61000026","61000027","61000028","61000029","61000030","61000031","61000032","61000033","61000034","61000035","61000036","61000037","61000038","61000039","61000040","61000041","61000042","61000043","61000044","61000045","61000046","61000047","61000048","61000049","61000050","61000051","61000052","61000053","61000054","61000055","61000056","61000057","61000058","61000059","61000060","61000061","61000062","61000063"]}},"ranking":["61000030","61000041","61000050","61000046","61000005","61000052","61000010","61000012","61000020","61000014","61000056","61000055","61000013","61000004","61000034","61000001","61000040","61000051","61000045","61000026","61000044","61000025","61000053","61000022","61000023","61000031","61000011","61000027","61000008","61000037","61000009","61000060","61000017","61000016","61000015","61000018","61000061","61000054","61000028","61000057","61000063","61000042","61000002","61000043","61000003","61000062","61000039","61000059","61000036","61000049","61000024","61000047","61000019","61000021","61000038","61000048","61000006","61000007","61000029","61000035","61000000","61000032","61000033","61000058"]}