{"id":65,"name":"Traversals","description":"This series explores color in layered intersections. The unique hash determines the procedure of each traversal; endpoints, divergences, elevations, and color immersion. Left click or press any key for coruscation.","artistName":"Loren Bednar","curation":"factory","invocations":"150","aspectRatio":"1","dynamic":true,"license":"CC BY-NC 4.0","rarity":{"Size:Large":0.5066666666666667,"Grounded":0.92,"Density:3":0.09333333333333334,"Background:Dark":0.29333333333333333,"Color Family:Prism":0.14666666666666667,"Density:1":0.7133333333333334,"Background:Light":0.6133333333333333,"Color Family:Green":0.3466666666666667,"Color Family:Teal":0.3,"Color Family:Blue":0.25333333333333335,"Color Family:Purple":0.18,"Color Family:Pink":0.14666666666666667,"Size:Huge":0.17333333333333334,"Background:Black":0.04,"Desaturated":0.04,"Density:4":0.06,"Solid":0.03333333333333333,"Size:Medium":0.26,"Color Family:Red":0.14666666666666667,"Color Family:Orange":0.18,"Density:2":0.08,"Coloring Book":0.02,"Color Family:Yellow":0.10666666666666667,"Flying":0.02666666666666667,"Size:Small":0.006666666666666667},"traits":{"0":{"Size:Large":["65000000","65000001","65000002","65000003","65000005","65000011","65000012","65000013","65000014","65000019","65000020","65000021","65000022","65000023","65000027","65000028","65000031","65000034","65000038","65000040","65000041","65000042","65000043","65000045","65000047","65000048","65000049","65000053","65000054","65000055","65000056","65000057","65000062","65000063","65000066","65000071","65000072","65000073","65000074","65000076","65000080","65000083","65000084","65000085","65000086","65000087","65000089","65000091","65000092","65000094","65000096","65000097","65000099","65000101","65000102","65000103","65000104","65000105","65000106","65000109","65000115","65000116","65000117","65000118","65000121","65000123","65000126","65000127","65000129","65000132","65000134","65000138","65000140","65000142","65000146","65000147"],"Size:Huge":["65000004","65000007","65000009","65000024","65000029","65000032","65000036","65000046","65000050","65000070","65000075","65000077","65000079","65000081","65000100","65000119","65000122","65000128","65000130","65000136","65000137","65000139","65000141","65000143","65000148","65000149"],"Solid":["65000006","65000018","65000044","65000098","65000133"],"Size:Medium":["65000008","65000010","65000015","65000016","65000025","65000026","65000030","65000033","65000035","65000037","65000039","65000051","65000052","65000058","65000059","65000060","65000061","65000064","65000067","65000068","65000069","65000078","65000082","65000088","65000090","65000093","65000095","65000108","65000110","65000111","65000113","65000114","65000120","65000124","65000125","65000131","65000135","65000144","65000145"],"Coloring Book":["65000017","65000065","65000107"],"Size:Small":["65000112"]},"1":{"Grounded":["65000000","65000001","65000002","65000003","65000004","65000005","65000007","65000008","65000009","65000010","65000011","65000012","65000013","65000014","65000015","65000016","65000019","65000020","65000021","65000022","65000023","65000024","65000025","65000026","65000027","65000028","65000029","65000030","65000031","65000032","65000033","65000034","65000035","65000036","65000037","65000038","65000039","65000040","65000041","65000042","65000043","65000045","65000046","65000047","65000048","65000049","65000050","65000051","65000052","65000053","65000054","65000055","65000056","65000057","65000058","65000059","65000060","65000061","65000062","65000063","65000064","65000066","65000067","65000069","65000070","65000071","65000072","65000073","65000074","65000075","65000076","65000077","65000078","65000079","65000080","65000081","65000082","65000083","65000084","65000085","65000086","65000087","65000088","65000089","65000090","65000091","65000092","65000093","65000094","65000095","65000096","65000097","65000099","65000100","65000101","65000102","65000103","65000104","65000105","65000106","65000108","65000109","65000110","65000113","65000114","65000115","65000116","65000117","65000118","65000119","65000120","65000121","65000122","65000123","65000124","65000125","65000126","65000127","65000128","65000129","65000130","65000131","65000132","65000134","65000136","65000137","65000138","65000139","65000140","65000141","65000142","65000143","65000144","65000145","65000146","65000147","65000148","65000149"],"Flying":["65000068","65000111","65000112","65000135"]},"2":{"Density:3":["65000000","65000004","65000023","65000027","65000033","65000052","65000054","65000075","65000081","65000082","65000102","65000121","65000122","65000124"],"Density:1":["65000001","65000002","65000003","65000007","65000008","65000009","65000010","65000011","65000012","65000013","65000016","65000019","65000020","65000022","65000024","65000025","65000026","65000028","65000029","65000030","65000034","65000035","65000036","65000038","65000040","65000042","65000045","65000046","65000047","65000048","65000049","65000050","65000051","65000056","65000057","65000058","65000060","65000061","65000062","65000063","65000064","65000066","65000067","65000068","65000069","65000071","65000072","65000073","65000074","65000076","65000077","65000078","65000079","65000080","65000083","65000084","65000085","65000086","65000087","65000088","65000089","65000091","65000092","65000093","65000094","65000096","65000097","65000099","65000100","65000103","65000104","65000105","65000106","65000110","65000111","65000112","65000113","65000114","65000115","65000116","65000117","65000118","65000119","65000120","65000123","65000125","65000126","65000127","65000129","65000130","65000131","65000132","65000134","65000135","65000136","65000137","65000138","65000139","65000140","65000141","65000142","65000144","65000145","65000146","65000147","65000148","65000149"],"Density:4":["65000005","65000014","65000021","65000031","65000032","65000039","65000055","65000090","65000101"],"Density:2":["65000015","65000037","65000041","65000043","65000053","65000059","65000070","65000095","65000108","65000109","65000128","65000143"]},"3":{"Background:Dark":["65000000","65000001","65000005","65000014","65000015","65000021","65000022","65000023","65000027","65000031","65000032","65000033","65000037","65000039","65000041","65000042","65000043","65000051","65000052","65000053","65000054","65000055","65000059","65000070","65000073","65000075","65000077","65000081","65000082","65000085","65000090","65000095","65000099","65000101","65000102","65000104","65000108","65000109","65000121","65000122","65000124","65000128","65000136","65000143"],"Background:Light":["65000002","65000003","65000007","65000008","65000009","65000010","65000011","65000012","65000013","65000016","65000019","65000020","65000024","65000025","65000028","65000029","65000030","65000034","65000035","65000036","65000038","65000040","65000046","65000047","65000048","65000049","65000050","65000056","65000057","65000058","65000060","65000061","65000062","65000064","65000066","65000067","65000068","65000069","65000071","65000072","65000074","65000076","65000078","65000079","65000080","65000083","65000084","65000086","65000087","65000088","65000089","65000091","65000092","65000093","65000094","65000096","65000097","65000100","65000103","65000105","65000106","65000110","65000111","65000112","65000113","65000114","65000115","65000116","65000118","65000119","65000120","65000123","65000125","65000126","65000129","65000130","65000131","65000132","65000134","65000135","65000137","65000138","65000139","65000140","65000141","65000142","65000144","65000145","65000146","65000147","65000148","65000149"],"Background:Black":["65000004","65000026","65000045","65000063","65000117","65000127"]},