{"id":75,"name":"Breathe You","description":"Breathe You is an interpretation of the bond of love with another being, an unbroken circle full of light and color, together, still or spinning through this universe as time pushes forward with every shared breathe, in and out. Relax, stare, sync your breathing with the motion, become hypnotized and feel the love. This is the first work on Art Blocks to use only HTML, CSS, and JavaScript. Chase Mints: Special versions may exist named Birth, Death, Rainbow or Golden. One or more might get minted or might not. Catch one if you can.","artistName":"raregonzo","curation":"factory","invocations":"256","aspectRatio":"1","dynamic":true,"license":"NIFTY","rarity":{"Circles: 420":0.0078125,"Circles: 396":0.00390625,"Circles: 500":0.0078125,"Circles: 482":0.01171875,"Circles: 397":0.0078125,"Special: Rainbow":0.015625,"Circles: 451":0.0078125,"Circles: 292":0.00390625,"Circles: 479":0.01171875,"Circles: 331":0.00390625,"Circles: 366":0.00390625,"Circles: 486":0.00390625,"Circles: 303":0.0078125,"Circles: 291":0.01171875,"Circles: 423":0.0078125,"Circles: 463":0.00390625,"Circles: 267":0.00390625,"Circles: 464":0.01171875,"Circles: 506":0.0078125,"Circles: 462":0.01171875,"Circles: 376":0.00390625,"Circles: 412":0.0078125,"Circles: 346":0.015625,"Circles: 497":0.0078125,"Circles: 360":0.0078125,"Circles: 474":0.01171875,"Circles: 309":0.01171875,"Circles: 307":0.0078125,"Circles: 310":0.00390625,"Circles: 469":0.00390625,"Circles: 299":0.01171875,"Circles: 340":0.0078125,"Special: Birth":0.015625,"Circles: 317":0.00390625,"Circles: 290":0.00390625,"Circles: 368":0.00390625,"Circles: 427":0.00390625,"Circles: 268":0.01171875,"Circles: 277":0.0078125,"Circles: 495":0.00390625,"Circles: 363":0.0078125,"Circles: 461":0.00390625,"Circles: 400":0.0078125,"Circles: 507":0.0078125,"Circles: 332":0.00390625,"Circles: 473":0.01171875,"Circles: 408":0.0078125,"Circles: 289":0.00390625,"Circles: 304":0.00390625,"Circles: 313":0.00390625,"Circles: 410":0.0078125,"Circles: 361":0.00390625,"Circles: 296":0.00390625,"Circles: 371":0.00390625,"Circles: 354":0.0078125,"Circles: 415":0.0078125,"Circles: 284":0.0078125,"Circles: 257":0.00390625,"Circles: 355":0.01171875,"Circles: 328":0.0078125,"Circles: 386":0.0078125,"Circles: 417":0.00390625,"Circles: 414":0.00390625,"Circles: 402":0.01171875,"Circles: 468":0.00390625,"Circles: 319":0.00390625,"Circles: 334":0.00390625,"Circles: 256":0.00390625,"Circles: 485":0.00390625,"Circles: 449":0.01171875,"Circles: 380":0.0078125,"Circles: 416":0.00390625,"Circles: 440":0.01171875,"Circles: 442":0.00390625,"Circles: 279":0.01171875,"Circles: 490":0.00390625,"Circles: 330":0.01171875,"Circles: 443":0.01171875,"Circles: 280":0.00390625,"Circles: 459":0.00390625,"Circles: 338":0.015625,"Circles: 470":0.0078125,"Circles: 484":0.00390625,"Circles: 395":0.00390625,"Circles: 458":0.00390625,"Circles: 375":0.00390625,"Circles: 285":0.0078125,"Circles: 275":0.0078125,"Circles: 407":0.00390625,"Circles: 452":0.01171875,"Circles: 385":0.00390625,"Circles: 270":0.0078125,"Circles: 271":0.00390625,"Circles: 322":0.00390625,"Circles: 491":0.01171875,"Circles: 493":0.00390625,"Circles: 425":0.00390625,"Circles: 273":0.00390625,"Circles: 348":0.01171875,"Circles: 454":0.00390625,"Circles: 266":0.00390625,"Circles: 359":0.00390625,"Circles: 343":0.00390625,"Circles: 333":0.0078125,"Circles: 381":0.015625,"Circles: 494":0.00390625,"Circles: 508":0.00390625,"Circles: 295":0.00390625,"Circles: 450":0.00390625,"Circles: 301":0.00390625,"Circles: 324":0.00390625,"Circles: 374":0.0078125,"Circles: 398":0.0078125,"Circles: 278":0.01171875,"Special: Death":0.00390625,"Circles: 372":0.00390625,"Circles: 424":0.00390625,"Circles: 377":0.00390625,"Circles: 471":0.01171875,"Circles: 276":0.0078125,"Circles: 342":0.00390625,"Circles: 428":0.0078125,"Circles: 411":0.00390625,"Circles: 499":0.00390625,"Special: Golden":0.0078125,"Circles: 445":0.00390625,"Circles: 312":0.00390625,"Circles: 316":0.0078125,"Circles: 510":0.00390625,"Circles: 504":0.0078125,"Circles: 281":0.00390625,"Circles: 294":0.00390625,"Circles: 318":0.00390625,"Circles: 498":0.00390625,"Circles: 466":0.00390625,"Circles: 378":0.00390625,"Circles: 314":0.00390625,"Circles: 329":0.00390625,"Circles: 321":0.00390625,"Circles: 439":0.00390625,"Circles: 448":0.00390625,"Circles: 488":0.00390625,"Circles: 259":0.00390625,"Circles: 356":0.00390625,"Circles: 435":0.00390625,"Circles: 483":0.00390625,"Circles: 505":0.00390625,"Circles: 269":0.0078125,"Circles: 480":0.0078125,"Circles: 373":0.00390625,"Circles: 311":0.00390625,"Circles: 349":0.00390625,"Circles: 261":0.00390625,"Circles: 481":0.0078125,"Circles: 434":0.00390625,"Circles: 384":0.0078125,"Circles: 341":0.00390625,"Circles: 323":0.00390625,"Circles: 364":0.00390625,"Circles: 293":0.00390625,"Circles: 511":0.00390625,"Circles: 369":0.00390625,"Circles: 274":0.00390625,"Circles: 350":0.00390625,"Circles: 370":0.00390625,"Circles: 272":0.00390625,"Circles: 492":0.00390625,"Circles: 432":0.00390625},"traits":{"0":{"Circles: 420":["75000000","75000052"],"Circles: 396":["75000001"],"Circles: 500":["75000002","75000115"],"Circles: 482":["75000003","75000085","75000184"],"Circles: 397":["75000004","75000076"],"Circles: 451":["75000005","75000223"],"Circles: 292":["75000006"],"Circles: 479":["75000007","75000215","75000221"],"Circles: 331":["75000008"],"Circles: 366":["75000009"],"Circles: 486":["75000010"],"Circles: 303":["75000011","75000239"],"Circles: 291":["75000012","75000077","75000120"],"Circles: 423":["75000013","75000234"],"Circles: 463":["75000014"],"Circles: 267":["75000015"],"Circles: 464":["75000016","75000023","75000030"],"Circles: 506":["75000017","75000039"],"Circles: 462":["75000018","75000105","75000170"],"Circles: 376":["75000019"],"Circles: 412":["75000020","75000092"],"Circles: 346":["75000021","75000066","75000162","75000230"],"Circles: 497":["75000022","75000133"],"Circles: 360":["75000024","75000206"],"Circles: 474":["75000025","75000083","75000179"],"Circles: 309":["75000026","75000111","75000127"],"Circles: 307":["75000027","75000070"],"Circles: 310":["75000028"],"Circles: 469":["75000029"],"Circles: 299":["75000031","75000095","75000156"],"Circles: 340":["75000032","75000171"],"Circles: 317":["75000033"],"Circles: 290":["75000034"],"Circles: 368":["75000035"],"Circles: 427":["75000036"],"Circles: 268":["75000037","75000038","75000159"],"Circles: 277":["75000040","75000196"],"Circles: 495":["75000041"],"Circles: 363":["75000042","75000188"],"Circles: 461":["75000043"],"Circles: 400":["75000044","75000152"],"Circles: 507":["75000045","75000193"],"Circles: 332":["75000046"],"Circles: 473":["75000047","75000069","75000232"],"Circles: 408":["75000048","75000101"],"Circles: 289":["75000049"],"Circles: 304":["75000050"],"Circles: 313":["75000051"],"Circles: 410":["75000053","75000228"],"Circles: 361":["75000054"],"Circles: 296":["75000055"],"Circles: 371":["75000056"],"Circles: 354":["75000057","75000189"],"Circles: 415":["75000058","75000109"],"Circles: 284":["75000059","75000167"],"Circles: 257":["75000060"],"Circles: 355":["75000061","75000178","75000236"],"Circles: 328":["75000062","75000164"],"Circles: 386":["75000063","75000103"],"Circles: 417":["75000064"],"Circles: 414":["75000065"],"Circles: 402":["75000067","75000122","75000187"],"Circles: 468":["75000068"],"Circles: 319":["75000071"],"Circles: 334":["75000072"],"Circles: 256":["75000073"],"Circles: 485":["75000074"],"Circles: 449":["75000075","75000194","75000247"],"Circles: 380":["75000078","75000118"],"Circles: 416":["75000079"],"Circles: 440":["75000080","75000132","75000240"],"Circles: 442":["75000081"],"Circles: 279":["75000082","75000213","75000245"],"Circles: 490":["75000084"],"Circles: 330":["75000086","75000151","75000154"],"Circles: 443":["75000087","75000205","75000208"],"Circles: 280":["75000088"],"Circles: 459":["75000089"],"Circles: 338":["75000090","75000210","75000233","75000250"],