{"id":82,"name":"Incantation","description":"Ancient runes deterministically arranged and animated in order to create mysterious magic spells.","artistName":"Eliya Stein","curation":"factory","invocations":"85","aspectRatio":"1","dynamic":true,"license":"Nifty License","rarity":{"Sizer: 20":0.12941176470588237,"Extra Fader: 0":0.611764705882353,"Blinker Count: 0":0.8470588235294118,"Horizontal Parallax: false":0.9647058823529412,"Vertical Parallax: false":0.9176470588235294,"Color Modifier: none":0.4588235294117647,"Sizer: 8":0.38823529411764707,"Color Modifier: random":0.5058823529411764,"Sizer: 4":0.4823529411764706,"Blinker Count: 2":0.023529411764705882,"Extra Fader: 1":0.3764705882352941,"Blinker Count: 1":0.12941176470588237,"Horizontal Parallax: true":0.03529411764705882,"Vertical Parallax: true":0.08235294117647059,"Color Modifier: 255":0.03529411764705882,"Extra Fader: 2":0.011764705882352941},"traits":{"0":{"Sizer: 20":["82000000","82000007","82000020","82000024","82000029","82000036","82000037","82000055","82000076","82000077","82000080"],"Sizer: 8":["82000001","82000002","82000003","82000005","82000009","82000011","82000012","82000013","82000014","82000016","82000025","82000027","82000028","82000030","82000031","82000038","82000041","82000046","82000048","82000049","82000052","82000053","82000057","82000058","82000059","82000064","82000066","82000067","82000070","82000074","82000075","82000082","82000083"],"Sizer: 4":["82000004","82000006","82000008","82000010","82000015","82000017","82000018","82000019","82000021","82000022","82000023","82000026","82000032","82000033","82000034","82000035","82000039","82000040","82000042","82000043","82000044","82000045","82000047","82000050","82000051","82000054","82000056","82000060","82000061","82000062","82000063","82000065","82000068","82000069","82000071","82000072","82000073","82000078","82000079","82000081","82000084"]},"1":{"Extra Fader: 0":["82000000","82000001","82000002","82000003","82000004","82000005","82000006","82000007","82000008","82000010","82000011","82000012","82000013","82000014","82000017","82000018","82000019","82000020","82000026","82000027","82000028","82000029","82000034","82000035","82000037","82000038","82000039","82000041","82000042","82000043","82000044","82000047","82000048","82000049","82000050","82000052","82000053","82000055","82000058","82000063","82000064","82000067","82000068","82000069","82000070","82000073","82000075","82000077","82000078","82000079","82000081","82000083"],"Extra Fader: 1":["82000009","82000015","82000016","82000021","82000022","82000023","82000024","82000025","82000030","82000031","82000032","82000033","82000036","82000040","82000045","82000046","82000051","82000054","82000056","82000057","82000059","82000061","82000062","82000065","82000066","82000071","82000072","82000074","82000076","82000080","82000082","82000084"],"Extra Fader: 2":["82000060"]},"2":{"Blinker Count: 0":["82000000","82000001","82000002","82000003","82000004","82000005","82000006","82000008","82000009","82000010","82000011","82000012","82000013","82000014","82000015","82000017","82000018","82000020","82000021","82000022","82000023","82000025","82000026","82000027","82000028","82000029","82000030","82000032","82000033","82000034","82000035","82000038","82000040","82000041","82000042","82000043","82000044","82000045","82000046","82000047","82000048","82000050","82000051","82000052","82000054","82000055","82000056","82000057","82000058","82000059","82000061","82000062","82000063","82000064","82000065","82000066","82000067","82000068","82000069","82000070","82000071","82000072","82000073","82000074","82000075","82000076","82000077","82000078","82000079","82000081","82000082","82000083"],"Blinker Count: 2":["82000007","82000031"],"Blinker Count: 1":["82000016","82000019","82000024","82000036","82000037","82000039","82000049","82000053","82000060","82000080","82000084"]},"3":{"Horizontal Parallax: false":["82000000","82000001","82000002","82000003","82000004","82000005","82000006","82000007","82000008","82000009","82000010","82000011","82000012","82000013","82000014","82000015","82000017","82000018","82000019","82000020","82000021","82000022","82000023","82000024","82000025","82000026","82000027","82000028","82000029","82000030","82000031","82000032","82000033","82000034","82000035","82000036","82000037","82000038","82000039","82000040","82000041","82000042","82000043","82000044","82000045","82000046","82000047","82000048","82000049","82000050","82000051","82000053","82000054","82000055","82000057","82000058","82000059","82000060","82000061","82000062","82000063","82000064","82000065","82000066","82000067","82000068","82000069","82000070","82000071","82000072","82000073","82000074","82000075","82000076","82000077","82000078","82000079","82000080","82000081","82000082","82000083","82000084"],"Horizontal Parallax: true":["82000016","82000052","82000056"]},"4":{"Vertical Parallax: false":["82000000","82000001","82000002","82000003","82000004","82000005","82000006","82000007","82000008","82000009","82000010","82000011","82000012","82000013","82000014","82000015","82000016","82000017","82000018","82000019","82000020","82000021","82000023","82000024","82000025","82000026","82000027","82000028","82000029","82000030","82000031","82000032","82000034","82000035","82000036","82000037","82000039","82000040","82000041","82000042","82000043","82000045","82000046","82000048","82000049","82000050","82000051","82000052","82000053","82000054","82000055","82000056","82000057","82000059","82000060","82000061","82000062","82000063","82000064","82000065","82000066","82000067","82000068","82000070","82000071","82000072","82000073","82000074","82000075","82000076","82000077","82000078","82000079","82000080","82000081","82000082","82000083","82000084"],"Vertical Parallax: true":["82000022","82000033","82000038","82000044","82000047","82000058","82000069"]},"5":{"Color Modifier: none":["82000000","82000001","82000002","82000005","82000006","82000013","82000020","82000025","82000028","82000031","82000032","82000034","82000035","82000036","82000037","82000038","82000039","82000040","82000041","82000042","82000044","82000046","82000048","82000049","82000050","82000051","82000054","82000055","82000060","82000063","82000065","82000068","82000070","82000073","82000074","82000075","82000079","82000080","82000081"],"Color Modifier: random":["82000003","82000004","82000007","82000008","82000009","82000010","82000011","82000012","82000014","82000015","82000016","82000017","82000018","82000019","82000021","82000022","82000023","82000024","82000026","82000027","82000029","82000030","82000033","82000043","82000047","82000052","82000053","82000056","82000057","82000058","82000059","82000061","82000062","82000064","82000066","82000067","82000069","82000071","82000072","82000076","82000077","82000082","82000084"],"Color Modifier: 255":["82000045","82000078","82000083"]}},"ranking":["82000060","82000016","82000007","82000031","82000056","82000036","82000080","82000024","82000052","82000037","82000045","82000022","82000033","82000083","82000038","82000078","82000058","82000044","82000047","82000069","82000084","82000049","82000053","82000039","82000019","82000076","82000000","82000020","82000055","82000029","82000077","82000025","82000046","82000074","82000009","82000030","82000057","82000059","82000066","82000082","82000032","82000040","82000051","82000054","82000065","82000015","82000021","82000023","82000061","82000062","82000071","82000072","82000001","82000002","82000005","82000013","82000028","82000041","82000048","82000070","82000075","82000003","82000011","82000012","82000014","82000027","82000064","82000067","82000006","82000034","82000035","82000042","82000050","82000063","82000068","82000073","82000079","82000081","82000004","82000008","82000010","82000017","82000018","82000026","82000043"]}