{"id":90,"name":"Hashtractors","description":"Hashtractors are a collection of generative renderings of various parametric equations commonly know as \"strange attractors\". These equations are at the heart of chaos theory; a branch of mathematics focused on the study of dynamical systems that are highly sensitive to initial conditions. A selection of 29 different equations has been made for this collection. Hash data is used as their parameters.","artistName":"Darien Brito","curation":"factory","invocations":"128","aspectRatio":"1.0","dynamic":true,"license":"NFT License","rarity":{"Attractor:Aizawa":0.0390625,"Time delta:0.010569":0.0078125,"Scale:1.2":0.2109375,"Angle:144":0.0859375,"Axis:y":0.578125,"Attractor:Wang-Sun":0.0390625,"Time delta:0.071176":0.0078125,"Scale:1.05":0.0625,"Angle:36":0.109375,"Axis:xz":0.1015625,"Attractor:Yu Wang":0.0234375,"Time delta:0.002976":0.0078125,"Scale:1.1":0.2890625,"Attractor:Chen-Celikovsky":0.0546875,"Time delta:0.003541":0.0078125,"Angle:72":0.0625,"Time delta:0.008976":0.0078125,"Angle:216":0.0625,"Attractor:Sakarya":0.0390625,"Time delta:0.007285":0.0078125,"Scale:1":0.078125,"Angle:288":0.0703125,"Attractor:Lorenz mod 1":0.03125,"Time delta:0.000000":0.0859375,"Scale:0.95":0.0078125,"Angle:270":0.0546875,"Axis:x":0.2265625,"Attractor:Halvorsen":0.046875,"Time delta:0.002753":0.0078125,"Scale:1.3":0.1015625,"Angle:126":0.03125,"Axis:xy":0.0625,"Attractor:Three scroll unified 1":0.046875,"Time delta:0.000804":0.0078125,"Scale:1.25":0.1015625,"Angle:108":0.0390625,"Time delta:0.000953":0.0078125,"Attractor:Finance":0.03125,"Time delta:0.045765":0.0078125,"Angle:90":0.1484375,"Attractor:Shimizu-Morioka":0.0234375,"Time delta:0.081294":0.0078125,"Angle:324":0.0546875,"Attractor:Three scroll unified 2":0.046875,"Time delta:0.000256":0.0078125,"Time delta:0.012000":0.0078125,"Angle:342":0.015625,"Attractor:Dequan-Li":0.03125,"Time delta:0.000266":0.0078125,"Angle:180":0.046875,"Attractor:Wimol-Banlue":0.0390625,"Time delta:0.046039":0.0078125,"Angle:205":0.0234375,"Time delta:0.000901":0.0078125,"Time delta:0.048235":0.0078125,"Time delta:0.059412":0.0078125,"Attractor:Lorenz":0.0390625,"Time delta:0.014004":0.0078125,"Angle:162":0.015625,"Attractor:Act":0.046875,"Time delta:0.012212":0.0078125,"Attractor:Rayleigh-Benard":0.0234375,"Time delta:0.045196":0.0078125,"Time delta:0.071945":0.0078125,"Angle:61":0.0078125,"Time delta:0.007832":0.0078125,"Attractor:Thomas":0.0625,"Time delta:0.096941":0.0078125,"Angle:252":0.0234375,"Axis:yz":0.015625,"Time delta:0.083059":0.0078125,"Time delta:0.040192":0.0078125,"Attractor:Lorenz mod 2":0.0234375,"Time delta:0.002278":0.0078125,"Attractor:Coullet":0.0546875,"Time delta:0.019620":0.0078125,"Scale:1.27":0.015625,"Time delta:0.012941":0.0078125,"Angle:191":0.0078125,"Attractor:Qi-Chen":0.0234375,"Time delta:0.000913":0.0078125,"Scale:1.15":0.078125,"Time delta:0.007165":0.0078125,"Angle:54":0.046875,"Time delta:0.019871":0.0078125,"Scale:0.9":0.015625,"Attractor:Dadras":0.03125,"Angle:234":0.0234375,"Attractor:Four wings":0.03125,"Time delta:0.005000":0.03125,"Time delta:0.071616":0.0078125,"Time delta:0.006412":0.0078125,"Time delta:0.003082":0.0078125,"Time delta:0.084941":0.0078125,"Time delta:0.017541":0.0078125,"Time delta:0.042114":0.0078125,"Time delta:0.013333":0.0078125,"Time delta:0.029341":0.0078125,"Axis:z":0.015625,"Time delta:0.000270":0.015625,"Attractor:Netwton-Leipnik":0.0234375,"Time delta:0.036980":0.0078125,"Time delta:0.019502":0.0078125,"Time delta:0.004141":0.0078125,"Time delta:0.008271":0.0078125,"Time delta:0.041235":0.0078125,"Time delta:0.015012":0.0078125,"Attractor:Arneodo":0.0390625,"Time delta:0.009004":0.0078125,"Angle:0":0.03125,"Attractor:Burke-Shaw":0.0234375,"Angle:94":0.0078125,"Time delta:0.020875":0.0078125,"Scale:1.22":0.0078125,"Time delta:0.001671":0.0078125,"Attractor:Chen-Lee":0.0234375,"Time delta:0.006506":0.0078125,"Time delta:0.002200":0.0078125,"Time delta:0.000222":0.0078125,"Time delta:0.089961":0.0078125,"Angle:130":0.0078125,"Time delta:0.045408":0.0078125,"Time delta:0.007581":0.0078125,"Time delta:0.000286":0.0078125,"Time delta:0.008741":0.0078125,"Time delta:0.014255":0.0078125,"Attractor:Nosé-Hoover":0.015625,"Time delta:0.018980":0.0078125,"Time delta:0.087059":0.0078125,"Time delta:0.019753":0.0078125,"Attractor:Lu-Chen":0.0234375,"Time delta:0.002953":0.0078125,"Time delta:0.002302":0.0078125,"Time delta:0.002003":0.0078125,"Time delta:0.067529":0.0078125,"Attractor:Hadley":0.015625,"Time delta:0.005910":0.0078125,"Time delta:0.009561":0.0078125,"Time delta:0.019714":0.0078125,"Time delta:0.071867":0.0078125,"Time delta:0.015945":0.0078125,"Time delta:0.009965":0.0078125,"Time delta:0.019455":0.0078125,"Time delta:0.005118":0.0078125,"Scale:1.12":0.0078125,"Time delta:0.000988":0.0078125,"Angle:320":0.0078125,"Time delta:0.007246":0.0078125,"Time delta:0.009333":0.0078125,"Time delta:0.000982":0.0078125,"Time delta:0.070212":0.0078125,"Time delta:0.047647":0.0078125,"Time delta:0.051510":0.0078125,"Time delta:0.000869":0.0078125,"Time delta:0.004247":0.0078125,"Time delta:0.013451":0.0078125,"Attractor:Rucklidge":0.0078125,"Time delta:0.094706":0.0078125,"Time delta:0.006631":0.0078125,"Time delta:0.000287":0.0078125,"Time delta:0.000281":0.0078125,"Time delta:0.003953":0.0078125,"Time delta:0.000855":0.0078125,"Scale:1.35":0.015625,"Time delta:0.052020":0.0078125,"Time delta:0.017894":0.0078125,"Time delta:0.009533":0.0078125,"Time delta:0.002337":0.0078125,"Time delta:0.005627":0.015625,"Time delta:0.000966":0.0078125,"Scale:1.45":0.0078125,"Time delta:0.000264":0.0078125,"Time delta:0.007669":0.0078125,"Time delta:0.009922":0.0078125,"Time delta:0.013859":0.0078125,"Time delta:0.002651":0.0078125,"Time delta:0.019235":0.0078125,"Time delta:0.001659":0.0078125,"Time delta:0.095373":0.0078125,"Time delta:0.092314":0.0078125,"Time delta:0.030706":0.0078125,"Time delta:0.086196":0.0078125,"Time delta:0.036275":0.0078125,"Angle:115":0.0078125,"Time delta:0.000262":0.0078125,"Time delta:0.086706":0.0078125,"Time delta:0.017565":0.0078125,"Angle:18":0.0078125},"traits":{"0":{"Attractor:Aizawa":["90000000","90000013","90000029","90000043","90000067"],"Attractor:Wang-Sun":["90000001","90000022","90000036","90000080","90000090"],"Attractor:Yu Wang":["90000002","90000057","90000116"],"Attractor:Chen-Celikovsky":["90000003","90000004","90000031","90000037","90000051","90000066","90000084"],"Attractor:Sakarya":["90000005","90000023","90000064","90000087","90000110"],"Attractor:Lorenz mod 1":["90000006","90000035","90000048","90000074"],"Attractor:Halvorsen":["90000007","90000038","90000050","90000073","90000094","90000100"],"Attractor:Three scroll unified 1":["90000008","90000009","90000016","90000086","90000089","90000101"],"Attractor:Finance":["90000010","90000017","90000018","90000122"],"Attractor:Shimizu-Morioka":["90000011","90000076","90000126"],"Attractor:Three scroll unified 2":["90000012","90000046","90000060","90000098","90000104","90000125"],"Attractor:Dequan-Li":["90000014","90000065","90000099","90000109"],"Attractor:Wimol-Banlue":["90000015","90000026","90000042","90000052","90000063"],"Attractor:Lorenz":["90000019","90000032","90000041","90000078","90000081"],"Attractor:Act":["90000020","90000045","90000053","90000103","90000112","90000127"],"Attractor:Rayleigh-Benard":["90000021","90000092","90000102"],"Attractor:Thomas":["90000024","90000025","90000040","90000061","90000069","90000117","90000118","90000123"],"Attractor:Lorenz mod 2":["90000027","90000059","90000072"],"Attractor:Coullet":["90000028","90000049","90000056","90000070","90000079","90000083","90000114"],"Attractor:Qi-Chen":["90000030","90000093","90000108"],"Attractor:Dadras":["90000033","90000075","90000119","90000121"],"Attractor:Four wings":["90000034","90000039","90000044","90000120"],"Attractor:Netwton-Leipnik":["90000047","90000091","90000124"],"Attractor:Arneodo":["90000054","90000082","90000088","90000105","90000111"],